flag_id;positionx;positiony;positionz;map_name;boss_name;place;region_name
18000850;-40.941;10.486;41.092;m18_00_00_00;Soldier of Godrick;Stranded Graveyard;Limgrave
1042360800;-12.138;88.955;46.773;m60_42_36_00;Tree Sentinel;Church of Elleh;Limgrave
31150800;30.939;-29.33;-99.891;m31_15_00_00;Demi-Human Chief(x2);Coastal Cave;Limgrave
30020800;102.274;94.7;73.352;m30_02_00_00;Erdtree Burial Watchdog;Stormfoot Catacombs;Limgrave
31030800;-120.769;88.181;80.797;m31_03_00_00;Beastman of Farum Azula;Groveside Cave;Limgrave
32010800;27.704;-30.433;-0.793;m32_01_00_00;Stonedigger Troll;Limgrave Tunnels;Limgrave
1044360800;17.919;80.799;31.133;m60_44_36_00;Mad Pumpkin Head;Waypoint Ruins;Limgrave
1044350800;-17.201;105.649;-137.828;m60_44_35_00;Bloodhound Knight Darriwil;Forlorn Hound Evergaol;Limgrave
31000800;24.835;52.972;54.042;m31_00_00_00;Patches;Murkwater Cave;Limgrave
30040800;-16.758;46.104;92.348;m30_04_00_00;Grave Warden Duelist;Murkwater Catacombs;Limgrave
31170800;74.418;-9.862;148.682;m31_17_00_00;Guardian Golem;Highroad Cave;Limgrave
30110800;-210.28;177.484;21.417;m30_11_00_00;Black Knife Assassin;Deathtouched Catacombs;Limgrave
18000800;29.502;-111.59001;53.466;m18_00_00_00;Ulcerated Tree Spirit;Fringefolk Hero's Grave;Limgrave
1043360800;-73.89011;64.98778;65.08713;m60_43_36_00;Flying Dragon Agheel;Agheel Lake;Limgrave
1045390800;-35.05;92.19;1.295;m60_45_39_00;Tibia Mariner;Summonwater Village;Limgrave
1042370800;-82.45401;160.516;64.524;m60_42_37_00;Crucible Knight;Stormhill Evergaol;Limgrave
1043370800;66.377;90.88;-95.647;m60_43_37_00;Night's Cavalry;;Limgrave
1042380800;126.593;183.082;54.578;m60_42_38_00;Deathbird;;Limgrave
1042380850;11.625;188.006;90.45;m60_42_38_00;Bell Bearing Hunter;Warmaster's Shack;Limgrave
31010800;-146.914;-39.934;-144.925;m31_01_00_00;Runebear;Earthbore Cave;Weeping Peninsula
32000800;83.314;-24.549;-25.44;m32_00_00_00;Scaly Misbegotten;Morne Tunnel;Weeping Peninsula
30010800;-34.557;23.119;-155.671;m30_01_00_00;Erdtree Burial Watchdog;Impaler's Catacombs;Weeping Peninsula
30000800;1.875;46.724;65.574;m30_00_00_00;Cemetery Shade;Tombsward Catacombs;Weeping Peninsula
31020800;-311.058;-28.918;-27.177;m31_02_00_00;Miranda the Blighted Bloom;Tombsward Cave;Weeping Peninsula
1043330800;-55.753;83.065;18.901;m60_43_33_00;Erdtree Avatar;Minor Erdtree;Weeping Peninsula
1042330800;-127.374;19.942;109.081;m60_42_33_00;Ancient Hero of Zamor;Weeping Evergaol;Weeping Peninsula
1044320850;36.034;41.773;98.873;m60_44_32_00;Night's Cavalry;Castle Morne Rampart;Weeping Peninsula
1044320800;-110.078;42.978;12.02;m60_44_32_00;Deathbird;;Weeping Peninsula
1043300800;-30.462;0.475;-7.445;m60_43_30_00;Leonine Misbegotten;Morne Moangrave;Weeping Peninsula
10000850;-18.624;-2.601;-17.351;m10_00_00_00;Margit, the Fell Omen;Stormveil Castle;Stormveil Castle
10000800;-235.646;73.756;348.293;m10_00_00_00;Godrick the Grafted;Stormveil Castle;Stormveil Castle
31040800;98.03;199.762;-166.709;m31_04_00_00;Cleanrot Knight;Stillwater Cave;Liurnia of the Lakes
31050800;-169.342;160.969;-22.972;m31_05_00_00;Bloodhound Knight;Lakeside Crystal Cave;Liurnia of the Lakes
30060800;20.859;194.319;-18.721;m30_06_00_00;Erdtree Burial Watchdog;Cliffbottom Catacombs;Liurnia of the Lakes
31060800;191.194;216.589;104.367;m31_06_00_00;Crystalian (Staff) & Crystalian (Spear);Academy Crystal Cave;Liurnia of the Lakes
32020800;13.051;110.763;21.882;m32_02_00_00;Crystalian (Ringblade);Raya Lucaria Crystal Tunnel;Liurnia of the Lakes
30050800;-188.168;406.204;120.639;m30_05_00_00;Cemetery Shade;Black Knife Catacombs;Liurnia of the Lakes
30050850;-240.845;411.5;16.746;m30_05_00_00;Black Knife Assassin;Black Knife Catacombs;Liurnia of the Lakes
30030800;89.22;194.438;36.073;m30_03_00_00;Spiritcaller Snail;Road's End Catacombs;Liurnia of the Lakes
10010800;-41.748;21.325;-39.475;m10_01_00_00;Grafted Scion;Chapel of Anticipation;Liurnia of the Lakes
1034450800;-50.952;237.872;41.258;m60_34_45_00;Glintstone Dragon Smarag;Temple Quarter;Liurnia of the Lakes
1035420800;-37.509;269.155;-17.679;m60_35_42_00;Omenkiller;Village of the Albinaurics;Liurnia of the Lakes
1034480800;46.953;252.197;78.726;m60_34_48_00;Royal Revenant;Kingsrealm Ruins;Liurnia of the Lakes
1039440800;-81.594;294.788;-41.358;m60_39_44_00;Tibia Mariner;;Liurnia of the Lakes
1033430800;42.488;291.7;31.133;m60_33_43_00;Erdtree Avatar;Converted Tower;Liurnia of the Lakes
1038480800;-30.168;404.115;-102.922;m60_38_48_00;Erdtree Avatar;Mausoleum Compound;Liurnia of the Lakes
1038410800;3.278;257.366;-124.075;m60_38_41_00;Adan, Thief of Fire;Malefactor's Evergaol;Liurnia of the Lakes
1033450800;-51.825;244.952;-29.646;m60_33_45_00;Bols, Carian Knight;Cuckoo's Evergaol;Liurnia of the Lakes
1036500800;121.092;379.592;10.945;m60_36_50_00;Onyx Lord;Royal Grave Evergaol;Liurnia of the Lakes
1039430800;-126.877;253.205;-8.625;m60_39_43_00;Night's Cavalry;Gate Town Bridge;Liurnia of the Lakes
1036480800;25.62163;321.60175;28.910324;m60_36_48_00;Night's Cavalry;Bellum Church;Liurnia of the Lakes
1037420800;-58.195;237.647;98.44;m60_37_42_00;Deathbird;Scenic Isle;Liurnia of the Lakes
1036450800;-70.066;237.557;39.677;m60_36_45_00;Death Rite Bird;Gate Town North;Liurnia of the Lakes
1037460800;-48.464;398.292;9.811;m60_37_46_00;Bell Bearing Hunter;Church of Vows;Liurnia of the Lakes
1035500800;-31.85;430.946;100.612;m60_35_50_00;Royal Knight Loretta;Caria Manor;Liurnia of the Lakes
39200800;-102.687;353.031;-1299.211;m39_20_00_00;Magma Wyrm Makar;Ruin-Strewn Precipice;Liurnia of the Lakes
1034420800;128.241;401.772;-29.929;m60_34_42_00;Glintstone Dragon Adula;Moonlight Altar;Moonlight Altar
1033420800;-40.589;346.6998;86.259;m60_33_42_00;Alecto, Black Knife Ringleader;Ringleader's Evergaol;Moonlight Altar
14000850;149.225;110.182;-222.85;m14_00_00_00;Red Wolf of Radagon;;Academy of Raya Lucaria
14000800;70.65;-838.729;-23.325;m14_00_00_00;Rennala, Queen of the Full Moon;;Academy of Raya Lucaria
32070800;-20.456;89.597;158.679;m32_07_00_00;Magma Wyrm;Gael Tunnel;Caelid
30140800;-123.396;73.295;-33.951;m30_14_00_00;Erdtree Burial Watchdog (Sword) & Erdtree Burial Watchdog (Scepter);Minor Erdtree Catacombs;Caelid
31210800;-166.69;13.045;48.637;m31_21_00_00;Frenzied Duelist;Gaol Cave;Caelid
30150800;125.709;24.204;258.026;m30_15_00_00;Cemetery Shade;Caelid Catacombs;Caelid
32080800;-65.221;123.909;239.753;m32_08_00_00;Fallingstar Beast;Sellia Crystal Tunnel;Caelid
31110800;-144.103;127.071;138.609;m31_11_00_00;Putrid Crystalian (Ringblade) & Putrid Crystalian (Spear) & Putrid Crystalian (Staff);Sellia Hideaway;Caelid
1048400800;-119.157;138.418;-95.785;m60_48_40_00;Mad Pumpkin Head (Hammer) & Mad Pumpkin Head (Flail);Caelem Ruins;Caelid
1048370800;-48.086;114.951;-42.666;m60_48_37_00;Decaying Ekzykes;Church of the Plague;Caelid
1049390800;94.019;83.522;86.545;m60_49_39_00;Nox Monk & Nox Swordstress;Sellia, Town of Sorcery;Caelid
1049380800;-25.222;65.856;50.57;m60_49_38_00;Commander O'Neil;Swamp of Aeonia;Caelid
1047400800;-102.333;126.084;102.548;m60_47_40_00;Putrid Avatar;Minor Erdtree;Caelid
1049370800;-122.259;102.512;-8.493;m60_49_37_00;Night's Cavalry;Caelid Highway South;Caelid
1049370850;112.216;102.135;15.505;m60_49_37_00;Death Rite Bird;Southern Aeonia Swamp Bank;Caelid
1051360800;97.35;105.5;36.298;m60_51_36_00;Crucible Knight & Misbegotten Warrior;Redmane Castle;Caelid
1252380800;-433.688;34.595;106.308;m60_13_09_02;Starscourge Radahn;Wailing Dunes;Caelid
31200800;173.731;86.969;147.64;m31_20_00_00;Cleanrot Knight (Spear) & Cleanrot Knight (Sickle);Abandoned Cave;Greyoll's Dragonbarrow
31100800;36.146;104.708;21.161;m31_10_00_00;Beastman of Farum Azula (Cleaver) & Beastman of Farum Azula (Throwing Knife);Dragonbarrow Cave;Greyoll's Dragonbarrow
30160800;-130.924;-25.237;-89.231;m30_16_00_00;Putrid Tree Spirit;War-Dead Catacombs;Greyoll's Dragonbarrow
34130800;77.108;36.31;-95.652;m34_13_00_00;Godskin Apostle;Divine Tower of Caelid;Greyoll's Dragonbarrow
1051430800;-12.906;336.918;-19.208;m60_51_43_00;Black Blade Kindred;Bestial Sanctum;Greyoll's Dragonbarrow
1052410800;-113.588;248.473;137.471;m60_52_41_00;Flying Dragon Greyll;Greyoll's Dragonbarrow;Greyoll's Dragonbarrow
1051400800;37.409;209.366;70.231;m60_51_40_00;Putrid Avatar;Minor Erdtree;Greyoll's Dragonbarrow
1049390850;-87.897;164.005;-8.448;m60_49_39_00;Battlemage Hugues;Sellia Evergaol;Greyoll's Dragonbarrow
1052410850;8.289;221.357;115.716;m60_52_41_00;Night's Cavalry;Lenne's Rise;Greyoll's Dragonbarrow
1048410800;-86.75;225.57;-69.78;m60_48_41_00;Bell Bearing Hunter;Isolated Merchant's Shack;Greyoll's Dragonbarrow
31190850;108.325;627.262;-45.186;m31_19_00_00;Necromancer Garris;Sage's Cave;Altus Plateau
31190800;130.985;623.473;-12.7;m31_19_00_00;Black Knife Assassin;Sage's Cave;Altus Plateau
32040800;-298.136;677.515;-147.71;m32_04_00_00;Stonedigger Troll;Old Altus Tunnel;Altus Plateau
32050800;62.147;777.627;-41.252;m32_05_00_00;Crystalian (Spear) & Crystalian (Ringblade);Altus Tunnel;Altus Plateau
1040520800;51.641;884;7.318;m60_40_52_00;Black Knife Assassin;Sainted Hero's Grave;Altus Plateau
30080800;330.528;742.204;14.232;m30_08_00_00;Ancient Hero of Zamor;Sainted Hero's Grave;Altus Plateau
31180800;-85.178;790.631;183.114;m31_18_00_00;Omenkiller & Miranda the Blighted Bloom;Perfumer's Grotto;Altus Plateau
30120800;8.087;618.303;242.75;m30_12_00_00;Perfumer Tricia & Misbegotten Warrior;Unsightly Catacombs;Altus Plateau
30070800;-127.2;820.611;225.628;m30_07_00_00;Erdtree Burial Watchdog;Wyndham Catacombs;Altus Plateau
1041520800;46.598;924.089;-88.379;m60_41_52_00;Ancient Dragon Lansseax;Rampartside Path;Altus Plateau
1038510800;-32.461;770.797;0.537;m60_38_51_00;Demi-Human Queen Gilika;Lux Ruins;Altus Plateau
1040530800;-92.852;802.258;71.048;m60_40_53_00;Sanguine Noble;Writheblood Ruins;Altus Plateau
1042550800;-35.54;968.164;-38.939;m60_42_55_00;Godskin Apostle;Dominula, Windmill Village;Altus Plateau
1041500800;42.838;834.146;109.239;m60_41_50_00;Fallingstar Beast;Starfall Crater;Altus Plateau
1041510800;91.089;851.27;-31.347;m60_41_51_00;Tree Sentinel(x2);;Altus Plateau
1038520800;-40.163;792.941;-24.929;m60_38_52_00;Tibia Mariner;Wyndham Ruins;Altus Plateau
1041530800;-77.54;785.151;29.154;m60_41_53_00;Wormface;Minor Erdtree;Altus Plateau
1039500800;-45.619;709.59;-86.067;m60_39_50_00;Godefroy the Grafted;Golden Lineage Evergaol;Altus Plateau
1039510800;-16.851;756.99;-110.732;m60_39_51_00;Night's Cavalry;Altus Highway Junction;Altus Plateau
1039540800;-53.722;768.302;56.511;m60_39_54_00;Elemer of the Briar;The Shaded Castle;Altus Plateau
34120800;-49.459;711.356;-195.922;m34_12_00_00;Onyx Lord;Sealed Tunnel;Capital Outskirts
30130800;4.346;954.403;78.963;m30_13_00_00;Grave Warden Duelist;Auriza Side Tomb;Capital Outskirts
30100800;-107.862;761.445;355.941;m30_10_00_00;Crucible Knight & Crucible Knight Ordovis;Auriza Hero's Grave;Capital Outskirts
1045520800;27.693;1023.759;43.921;m60_45_52_00;Draconic Tree Sentinel;Capital Rampart;Capital Outskirts
1044530800;-25.278;1026.065;83.627;m60_44_53_00;Deathbird;;Capital Outskirts
1043530800;-22.266;993.349;0.497;m60_43_53_00;Bell Bearing Hunter;Hermit Merchant's Shack;Capital Outskirts
31090800;-63.912;1013.034;-75.066;m31_09_00_00;Demi-Human Queen Margot;Volcano Cave;Mt. Gelmir
31070800;-122.642;719.598;255.966;m31_07_00_00;Kindred of Rot(x2);Seethewater Cave;Mt. Gelmir
30090800;-146.713;646.243;104.804;m30_09_00_00;Red Wolf of the Champion;Gelmir Hero's Grave;Mt. Gelmir
1035530800;1.8;823.671;-80.399;m60_35_53_00;Magma Wyrm;Fort Laiedd;Mt. Gelmir
1036540800;94.844;1047.502;-36.205;m60_36_54_00;Full-Grown Fallingstar Beast;Ninth Mt. Gelmir Campsite;Mt. Gelmir
1037530800;11.74;901.42;-90.788;m60_37_53_00;Demi-Human Queen Maggie;Hermit Village;Mt. Gelmir
1037540810;-33.431;856.728;-73.076;m60_37_54_00;Ulcerated Tree Spirit;Minor Erdtree;Mt. Gelmir
16000860;236.057;-132.944;-263.644;m16_00_00_00;Abductor Virgin (Swinging Sickle) & Abductor Virgin (Wheel);Subterranean Inquisition Chamber;Volcano Manor
16000850;58.505;7.023;-209.395;m16_00_00_00;Godskin Noble;Temple of Eiglay;Volcano Manor
16000800;94.323;-439.508;-116.463;m16_00_00_00;God-Devouring Serpent & Rykard, Lord of Blasphemy;Volcano Manor;Volcano Manor
35000850;-203.847;-153.846;-306.866;m35_00_00_00;Esgar, Priest of Blood;Leyndell Catacombs;Leyndell, Royal Capital
34140850;584.387;-373.485;-326.857;m34_14_00_00;Fell Twin(x2);Divine Tower of East Altus;Leyndell, Royal Capital
35000800;73.987;-298.55;-80.894;m35_00_00_00;Mohg, the Omen;Cathedral of the Forsaken;Leyndell, Royal Capital
11000850;-131.56;31.01;-386.36;m11_00_00_00;Godfrey, First Elden Lord;Erdtree Sanctuary;Leyndell, Royal Capital
11000800;41.821;64.963;-421.897;m11_00_00_00;Morgott, the Omen King;Elden Throne;Leyndell, Royal Capital
1048510800;-93.889;973.956;47.562;m60_48_51_00;Night's Cavalry;;Forbidden Lands
1049520800;-20.155;1048.488;58.419;m60_49_52_00;Black Blade Kindred;;Forbidden Lands
30170800;-7.061;1451.66;-35.835;m30_17_00_00;Ancient Hero of Zamor;Giant-Conquering Hero's Grave;Mountaintops of the Giants
30180800;-139.242;1477.419;158.039;m30_18_00_00;Ulcerated Tree Spirit;Giants' Mountaintop Catacombs;Mountaintops of the Giants
31220800;-47.503;1579.171;-113.57;m31_22_00_00;Godskin Apostle & Godskin Noble & Spiritcaller Snail;Spiritcaller Cave;Mountaintops of the Giants
1254560800;1.675003;1620.359;-230.27;m60_13_14_02;Borealis the Freezing Fog;Freezing Lake;Mountaintops of the Giants
1052560800;-44.022;1674.29;69.736;m60_52_56_00;Erdtree Avatar;Minor Erdtree;Mountaintops of the Giants
1053560800;-52.497;1668.431;-116.306;m60_53_56_00;Roundtable Knight Vyke;Lord Contender's Evergaol;Mountaintops of the Giants
1050570800;51.23;1630.369;-92.161;m60_50_57_00;Death Rite Bird;;Mountaintops of the Giants
1051570800;78.018;1632;210.249;m60_51_57_00;Commander Niall;Castle Sol;Mountaintops of the Giants
1052520800;-268.669;1775.52;-293.682;m60_13_13_02;Fire Giant;Flame Peak;Mountaintops of the Giants
13000850;-3.547;-52.201;406.518;m13_00_00_00;Godskin Duo;Dragon Temple Altar;Crumbling Farum Azula
13000830;14.45;1009.676;329.504;m13_00_00_00;Dragonlord Placidusax;Beside the Great Bridge;Crumbling Farum Azula
13000800;197.975;-62.539;374.228;m13_00_00_00;Maliketh, the Black Blade;;Crumbling Farum Azula
30200800;-88.65;1276.79;-299.61;m30_20_00_00;Stray Mimic Tear;Hidden Path to the Haligtree;Consecrated Snowfield
30190800;70.931;1374.703;-161.324;m30_19_00_00;Putrid Grave Warden Duelist;Consecrated Snowfield Catacombs;Consecrated Snowfield
32110800;51.793;1207.515;149.466;m32_11_00_00;Astel, Stars of Darkness;Yelough Anix Tunnel;Consecrated Snowfield
31120800;-24.404;1193.361;121.93;m31_12_00_00;Misbegotten Crusader;Cave of the Forlorn;Consecrated Snowfield
1050560800;12.074;1255.064;12.362;m60_50_56_00;Great Wyrm Theodorix;;Consecrated Snowfield
1050570850;-85.383;1390.106;-56.416;m60_50_57_00;Putrid Avatar;Minor Erdtree;Consecrated Snowfield
1248550800;-266.944;1288.168;328.524;m60_12_13_02;Night's Cavalry (Glaive) & Night's Cavalry (Flail);Inner Consecrated Snowfield;Consecrated Snowfield
1048570800;-110.83;1255.064;109.713;m60_48_57_00;Death Rite Bird;;Consecrated Snowfield
15000850;174.374;431.748;307.896;m15_00_00_00;Loretta, Knight of the Haligtree;;Miquella's Haligtree
15000800;-18.968;52.343;466.271;m15_00_00_00;Malenia, Blade of Miquella & Malenia, Goddess of Rot;;Miquella's Haligtree
12020830;1240.1;-748.448;1738.162;m12_02_00_00;Dragonkin Soldier;Siofra River Bank;Siofra River
12080800;1546.1024;-1736.05;1053.2855;m12_08_00_00;Ancestor Spirit;Siofra River Bank;Siofra River
12020850;1029.647;-641.311;1174.018;m12_02_00_00;Mimic Tear;;Siofra River
12090800;1183.829;-1538.411;1911.776;m12_09_00_00;Regal Ancestor Spirit;Hallowhorn Grounds;Siofra River
12020800;1206.313;-586.788;1902.462;m12_02_00_00;Valiant Gargoyle & Valiant Gargoyle (Twinblade);Siofra Aqueduct;Siofra River
12050800;1528.2987;-501.02682;1245.3064;m12_05_00_00;Mohg, Lord of Blood;;Mohgwyn Dynasty Mausoleum
12010800;-49.64;-224.29;84.33;m12_01_00_00;Dragonkin Soldier of Nokstella;;Ainsel River
12010850;-217.385;-317.072;-317.671;m12_01_00_00;Dragonkin Soldier;;Ainsel River
12040800;-98.759;-106.137;-134.393;m12_04_00_00;Astel, Naturalborn of the Void;Grand Cloister;Ainsel River
12030390;-884.21;96.669;-320.674;m12_03_00_00;Crucible Knight Siluria;;Deeproot Depths
12030800;-370.111;149.469;-203.445;m12_03_00_00;Fia's Champion & Sorcerer Rogier & Lionel the Lionhearted;;Deeproot Depths
12030850;-448.771;149.344;-273.109;m12_03_00_00;Lichdragon Fortissax;;Deeproot Depths
11050850;-131.47;31.03;-386.57;m11_05_00_00;Sir Gideon Ofnir, the All-Knowing;Erdtree Sanctuary;Leyndell, Ashen Capital
11050800;39.23;5.83;-425.13;m11_05_00_00;Godfrey, First Elden Lord;Elden Throne;Leyndell, Ashen Capital
19000800;213.86;-719.985;-686.686;m19_00_00_00;Radagon of the Golden Order & Elden Beast;Fractured Marika;Leyndell, Ashen Capital
2045440800;59.097;256.415;-73.887;m61_45_44_00;Ghostflame Dragon;;Gravesite Plain
2046410800;-177.908;317.649;54.747;m61_46_41_00;Blackgaol Knight;Western Nameless Mausoleum;Gravesite Plain
43000800;136.568;116.693;138.598;m43_00_00_00;Chief Bloodfiend;Rivermouth Cave;Gravesite Plain
41020800;152.344;19.783;-14.047;m41_02_00_00;Lamenter;Lamenter's Gaol;Gravesite Plain
41000800;-178.656;78.456;-198.626;m41_00_00_00;Demi-Human Swordmaster Onze;Belurat Gaol;Gravesite Plain
20000800;-45.209;118;327.246;m20_00_00_00;Divine Beast Dancing Lion;Belurat, Tower Settlement;Gravesite Plain
2048440800;-55.456;427.021;47.943;m61_48_44_00;Rellana, Twin Moon Knight;Castle Ensis;Gravesite Plain
2049430800;-8.795;379.007;116.912;m61_49_43_00;Ghostflame Dragon;;Scadu Altus
2049450800;75.687;396.063;113.126;m61_49_45_00;Ralva the Great Red Bear;;Scadu Altus
2044470800;-45.834;320.359;108.506;m61_44_47_00;Rugalea the Great Red Bear;Rauh Base;Scadu Altus
2049440800;0.974;375.122;-127.47;m61_49_44_00;Dryleaf Dane;Moorth Ruins;Scadu Altus
2049430850;68.875;396.466;-95.656;m61_49_43_00;Black Knight Edredd;Fort of Reprimand;Scadu Altus
2047450800;-27.67;346.015;-138.662;m61_47_45_00;Black Knight Garrew;Fog Rift Fort;Scadu Altus
2046450800;108.487;395.904;-80.286;m61_46_45_00;Red Bear;Northern Nameless Mausoleum;Scadu Altus
2051440800;2.973;162.599;93.062;m61_51_44_00;Rakshasa;Eastern Nameless Mausoleum;Scadu Altus
25000800;4.324;0.015;-2.317;m25_00_00_00;Metyr, Mother of Fingers;Cathedral of Manus Metyr;Scadu Altus
2051450800;-94.671;467.153;13.613;m61_51_45_00;Count Ymir, Mother of Fingers;Cathedral of Manus Metyr;Scadu Altus
40000800;-426.56;113.704;-33.971;m40_00_00_00;Death Knight;Fog Rift Catacombs;Scadu Altus
40010800;185.052;149.704;-137.042;m40_01_00_00;Death Knight;Scorpion River Catacombs;Scadu Altus
41010800;-194.629;190.547;90.689;m41_01_00_00;Curseblade Labirith;Bonny Gaol;Scadu Altus
21000850;100.447;156.47;148.09;m21_00_00_00;Golden Hippopotamus;Shadow Keep;Scadu Altus
21010800;77.54;351.765;393.218;m21_01_00_00;Messmer the Impaler & Base Serpent Messmer;Shadow Keep;Scadu Altus
2046460800;-62.724;536;-40.748;m61_46_46_00;Divine Beast Dancing Lion;;Ancient Ruins of Rauh
2044450800;-56.047;624.992;125.786;m61_44_45_00;Romina, Saint of the Bud;Church of the Bud;Ancient Ruins of Rauh
2048380850;-89.477;13.271;1.455;m61_48_38_00;Ghostflame Dragon;;Cerulean Coast
2046380800;-22.869;8.449;-96.832;m61_46_38_00;Dancer of Ranah;Southern Nameless Mausoleum;Cerulean Coast
22000800;-145.269;-296.675;63.187;m22_00_00_00;Putrescent Knight;Stone Coffin Fissure;Cerulean Coast
2047390800;68.245;84.938;68.825;m61_47_39_00;Death Rite Bird;;Charo's Hidden Grave
2046400800;-69.565;2.583;-12.899;m61_46_40_00;Demi-Human Queen Marigga;;Charo's Hidden Grave
2049410800;77.538;65.912;-110.12;m61_49_41_00;Jagged Peak Drake;Foot of the Jagged Peak;Jagged Peak
2052400800;-64.285;288.996;-65.889;m61_52_40_00;Jagged Peak Drake;Jagged Peak Mountainside;Jagged Peak
43010800;37.562;94.009;4.198;m43_01_00_00;Ancient Dragon-Man;Dragon's Pit;Jagged Peak
2054390850;-72.883;511.943;19.442;m61_54_39_00;Ancient Dragon Senessax;Jagged Peak Mountainside;Jagged Peak
2054390800;132.75511;954.324;12.277872;m61_54_39_00;Bayle the Dread;Jagged Peak Summit;Jagged Peak
2050470800;14.857;559.342;106.53;m61_50_47_00;Tree Sentinel;Hinterland;Scaduview
2050480860;47.62;541.437;-63.283;m61_50_48_00;Tree Sentinel;Hinterland Bridge;Scaduview
2052480800;39.212;478.27;116.998;m61_52_48_00;Fallingstar Beast;Fingerstone Hill;Scaduview
2049480800;80.913;579.975;6.875;m61_49_48_00;Commander Gaius;;Scaduview
2050480800;-112.39;182.56;17.66;m61_50_48_00;Scadutree Avatar;Scadutree Base;Scaduview
2052430800;-67.749;-512.202;62.5;m61_52_43_00;Jori, Elder Inquisitor;Darklight Catacombs;Abyssal Woods
28000800;-4.452;17;-134.253;m28_00_00_00;Midra, Lord of Frenzied Flame;Midra's Manse;Abyssal Woods
20010800;-341.079;301.689;-108.62;m20_01_00_00;Promised Consort Radahn & Radahn, Consort of Miquella;;Enir-Ilim
